IndicatorId,IndicatorName,IndicatorShortName,Source,SourceYear,Author,LocationId,Location,Iso2,Iso3,TimeId,Time,VariantId,Variant,SexId,Sex,AgeId,AgeStart,AgeEnd,Age,CategoryId,Category,EstimateTypeId,EstimateType,EstimateMethodId,EstimateMethod,Value
49,"Total population by sex","Total population by sex","World Population Prospects",2022,"United Nations Population Division",50,"Bangladesh","BD","BGD",51,"2000",4,"Median",3,"Both sexes",188,0,-1,"Total",0,"Not applicable",1,"Model-based Estimates",2,"Interpolation",129193327
49,"Total population by sex","Total population by sex","World Population Prospects",2022,"United Nations Population Division",50,"Bangladesh","BD","BGD",52,"2001",4,"Median",3,"Both sexes",188,0,-1,"Total",0,"Not applicable",1,"Model-based Estimates",2,"Interpolation",131670484
49,"Total population by sex","Total population by sex","World Population Prospects",2022,"United Nations Population Division",50,"Bangladesh","BD","BGD",53,"2002",4,"Median",3,"Both sexes",188,0,-1,"Total",0,"Not applicable",1,"Model-based Estimates",2,"Interpolation",134139826
49,"Total population by sex","Total population by sex","World Population Prospects",2022,"United Nations Population Division",50,"Bangladesh","BD","BGD",54,"2003",4,"Median",3,"Both sexes",188,0,-1,"Total",0,"Not applicable",1,"Model-based Estimates",2,"Interpolation",136503206
49,"Total population by sex","Total population by sex","World Population Prospects",2022,"United Nations Population Division",50,"Bangladesh","BD","BGD",55,"2004",4,"Median",3,"Both sexes",188,0,-1,"Total",0,"Not applicable",1,"Model-based Estimates",2,"Interpolation",138789725
49,"Total population by sex","Total population by sex","World Population Prospects",2022,"United Nations Population Division",50,"Bangladesh","BD","BGD",56,"2005",4,"Median",3,"Both sexes",188,0,-1,"Total",0,"Not applicable",1,"Model-based Estimates",2,"Interpolation",140912590
49,"Total population by sex","Total population by sex","World Population Prospects",2022,"United Nations Population Division",50,"Bangladesh","BD","BGD",57,"2006",4,"Median",3,"Both sexes",188,0,-1,"Total",0,"Not applicable",1,"Model-based Estimates",2,"Interpolation",142628831
49,"Total population by sex","Total population by sex","World Population Prospects",2022,"United Nations Population Division",50,"Bangladesh","BD","BGD",58,"2007",4,"Median",3,"Both sexes",188,0,-1,"Total",0,"Not applicable",1,"Model-based Estimates",2,"Interpolation",144135934
49,"Total population by sex","Total population by sex","World Population Prospects",2022,"United Nations Population Division",50,"Bangladesh","BD","BGD",59,"2008",4,"Median",3,"Both sexes",188,0,-1,"Total",0,"Not applicable",1,"Model-based Estimates",2,"Interpolation",145421318
49,"Total population by sex","Total population by sex","World Population Prospects",2022,"United Nations Population Division",50,"Bangladesh","BD","BGD",60,"2009",4,"Median",3,"Both sexes",188,0,-1,"Total",0,"Not applicable",1,"Model-based Estimates",2,"Interpolation",146706810
49,"Total population by sex","Total population by sex","World Population Prospects",2022,"United Nations Population Division",50,"Bangladesh","BD","BGD",61,"2010",4,"Median",3,"Both sexes",188,0,-1,"Total",0,"Not applicable",1,"Model-based Estimates",2,"Interpolation",148391140
49,"Total population by sex","Total population by sex","World Population Prospects",2022,"United Nations Population Division",50,"Bangladesh","BD","BGD",62,"2011",4,"Median",3,"Both sexes",188,0,-1,"Total",0,"Not applicable",1,"Model-based Estimates",2,"Interpolation",150211006
49,"Total population by sex","Total population by sex","World Population Prospects",2022,"United Nations Population Division",50,"Bangladesh","BD","BGD",63,"2012",4,"Median",3,"Both sexes",188,0,-1,"Total",0,"Not applicable",1,"Model-based Estimates",2,"Interpolation",152090650
49,"Total population by sex","Total population by sex","World Population Prospects",2022,"United Nations Population Division",50,"Bangladesh","BD","BGD",64,"2013",4,"Median",3,"Both sexes",188,0,-1,"Total",0,"Not applicable",1,"Model-based Estimates",2,"Interpolation",154030140
49,"Total population by sex","Total population by sex","World Population Prospects",2022,"United Nations Population Division",50,"Bangladesh","BD","BGD",65,"2014",4,"Median",3,"Both sexes",188,0,-1,"Total",0,"Not applicable",1,"Model-based Estimates",2,"Interpolation",155961299
49,"Total population by sex","Total population by sex","World Population Prospects",2022,"United Nations Population Division",50,"Bangladesh","BD","BGD",66,"2015",4,"Median",3,"Both sexes",188,0,-1,"Total",0,"Not applicable",1,"Model-based Estimates",2,"Interpolation",157830000
49,"Total population by sex","Total population by sex","World Population Prospects",2022,"United Nations Population Division",50,"Bangladesh","BD","BGD",67,"2016",4,"Median",3,"Both sexes",188,0,-1,"Total",0,"Not applicable",1,"Model-based Estimates",2,"Interpolation",159784569
49,"Total population by sex","Total population by sex","World Population Prospects",2022,"United Nations Population Division",50,"Bangladesh","BD","BGD",68,"2017",4,"Median",3,"Both sexes",188,0,-1,"Total",0,"Not applicable",1,"Model-based Estimates",2,"Interpolation",161793964
49,"Total population by sex","Total population by sex","World Population Prospects",2022,"United Nations Population Division",50,"Bangladesh","BD","BGD",69,"2018",4,"Median",3,"Both sexes",188,0,-1,"Total",0,"Not applicable",1,"Model-based Estimates",2,"Interpolation",163683958
49,"Total population by sex","Total population by sex","World Population Prospects",2022,"United Nations Population Division",50,"Bangladesh","BD","BGD",70,"2019",4,"Median",3,"Both sexes",188,0,-1,"Total",0,"Not applicable",1,"Model-based Estimates",2,"Interpolation",165516222
49,"Total population by sex","Total population by sex","World Population Prospects",2022,"United Nations Population Division",64,"Bhutan","BT","BTN",51,"2000",4,"Median",3,"Both sexes",188,0,-1,"Total",0,"Not applicable",1,"Model-based Estimates",2,"Interpolation",587207
49,"Total population by sex","Total population by sex","World Population Prospects",2022,"United Nations Population Division",64,"Bhutan","BT","BTN",52,"2001",4,"Median",3,"Both sexes",188,0,-1,"Total",0,"Not applicable",1,"Model-based Estimates",2,"Interpolation",603234
49,"Total population by sex","Total population by sex","World Population Prospects",2022,"United Nations Population Division",64,"Bhutan","BT","BTN",53,"2002",4,"Median",3,"Both sexes",188,0,-1,"Total",0,"Not applicable",1,"Model-based Estimates",2,"Interpolation",619048
49,"Total population by sex","Total population by sex","World Population Prospects",2022,"United Nations Population Division",64,"Bhutan","BT","BTN",54,"2003",4,"Median",3,"Both sexes",188,0,-1,"Total",0,"Not applicable",1,"Model-based Estimates",2,"Interpolation",634627
49,"Total population by sex","Total population by sex","World Population Prospects",2022,"United Nations Population Division",64,"Bhutan","BT","BTN",55,"2004",4,"Median",3,"Both sexes",188,0,-1,"Total",0,"Not applicable",1,"Model-based Estimates",2,"Interpolation",649991
49,"Total population by sex","Total population by sex","World Population Prospects",2022,"United Nations Population Division",64,"Bhutan","BT","BTN",56,"2005",4,"Median",3,"Both sexes",188,0,-1,"Total",0,"Not applicable",1,"Model-based Estimates",2,"Interpolation",663323
49,"Total population by sex","Total population by sex","World Population Prospects",2022,"United Nations Population Division",64,"Bhutan","BT","BTN",57,"2006",4,"Median",3,"Both sexes",188,0,-1,"Total",0,"Not applicable",1,"Model-based Estimates",2,"Interpolation",673260
49,"Total population by sex","Total population by sex","World Population Prospects",2022,"United Nations Population Division",64,"Bhutan","BT","BTN",58,"2007",4,"Median",3,"Both sexes",188,0,-1,"Total",0,"Not applicable",1,"Model-based Estimates",2,"Interpolation",681614
49,"Total population by sex","Total population by sex","World Population Prospects",2022,"United Nations Population Division",64,"Bhutan","BT","BTN",59,"2008",4,"Median",3,"Both sexes",188,0,-1,"Total",0,"Not applicable",1,"Model-based Estimates",2,"Interpolation",689737
49,"Total population by sex","Total population by sex","World Population Prospects",2022,"United Nations Population Division",64,"Bhutan","BT","BTN",60,"2009",4,"Median",3,"Both sexes",188,0,-1,"Total",0,"Not applicable",1,"Model-based Estimates",2,"Interpolation",697678
49,"Total population by sex","Total population by sex","World Population Prospects",2022,"United Nations Population Division",64,"Bhutan","BT","BTN",61,"2010",4,"Median",3,"Both sexes",188,0,-1,"Total",0,"Not applicable",1,"Model-based Estimates",2,"Interpolation",705517
49,"Total population by sex","Total population by sex","World Population Prospects",2022,"United Nations Population Division",64,"Bhutan","BT","BTN",62,"2011",4,"Median",3,"Both sexes",188,0,-1,"Total",0,"Not applicable",1,"Model-based Estimates",2,"Interpolation",713331
49,"Total population by sex","Total population by sex","World Population Prospects",2022,"United Nations Population Division",64,"Bhutan","BT","BTN",63,"2012",4,"Median",3,"Both sexes",188,0,-1,"Total",0,"Not applicable",1,"Model-based Estimates",2,"Interpolation",721146
49,"Total population by sex","Total population by sex","World Population Prospects",2022,"United Nations Population Division",64,"Bhutan","BT","BTN",64,"2013",4,"Median",3,"Both sexes",188,0,-1,"Total",0,"Not applicable",1,"Model-based Estimates",2,"Interpolation",728889
49,"Total population by sex","Total population by sex","World Population Prospects",2022,"United Nations Population Division",64,"Bhutan","BT","BTN",65,"2014",4,"Median",3,"Both sexes",188,0,-1,"Total",0,"Not applicable",1,"Model-based Estimates",2,"Interpolation",736357
49,"Total population by sex","Total population by sex","World Population Prospects",2022,"United Nations Population Division",64,"Bhutan","BT","BTN",66,"2015",4,"Median",3,"Both sexes",188,0,-1,"Total",0,"Not applicable",1,"Model-based Estimates",2,"Interpolation",743274
49,"Total population by sex","Total population by sex","World Population Prospects",2022,"United Nations Population Division",64,"Bhutan","BT","BTN",67,"2016",4,"Median",3,"Both sexes",188,0,-1,"Total",0,"Not applicable",1,"Model-based Estimates",2,"Interpolation",749762
49,"Total population by sex","Total population by sex","World Population Prospects",2022,"United Nations Population Division",64,"Bhutan","BT","BTN",68,"2017",4,"Median",3,"Both sexes",188,0,-1,"Total",0,"Not applicable",1,"Model-based Estimates",2,"Interpolation",756122
49,"Total population by sex","Total population by sex","World Population Prospects",2022,"United Nations Population Division",64,"Bhutan","BT","BTN",69,"2018",4,"Median",3,"Both sexes",188,0,-1,"Total",0,"Not applicable",1,"Model-based Estimates",2,"Interpolation",762097
49,"Total population by sex","Total population by sex","World Population Prospects",2022,"United Nations Population Division",64,"Bhutan","BT","BTN",70,"2019",4,"Median",3,"Both sexes",188,0,-1,"Total",0,"Not applicable",1,"Model-based Estimates",2,"Interpolation",767459
49,"Total population by sex","Total population by sex","World Population Prospects",2022,"United Nations Population Division",104,"Myanmar","MM","MMR",51,"2000",4,"Median",3,"Both sexes",188,0,-1,"Total",0,"Not applicable",1,"Model-based Estimates",2,"Interpolation",45538332
49,"Total population by sex","Total population by sex","World Population Prospects",2022,"United Nations Population Division",104,"Myanmar","MM","MMR",52,"2001",4,"Median",3,"Both sexes",188,0,-1,"Total",0,"Not applicable",1,"Model-based Estimates",2,"Interpolation",46014826
49,"Total population by sex","Total population by sex","World Population Prospects",2022,"United Nations Population Division",104,"Myanmar","MM","MMR",53,"2002",4,"Median",3,"Both sexes",188,0,-1,"Total",0,"Not applicable",1,"Model-based Estimates",2,"Interpolation",46480230
49,"Total population by sex","Total population by sex","World Population Prospects",2022,"United Nations Population Division",104,"Myanmar","MM","MMR",54,"2003",4,"Median",3,"Both sexes",188,0,-1,"Total",0,"Not applicable",1,"Model-based Estimates",2,"Interpolation",46924293
49,"Total population by sex","Total population by sex","World Population Prospects",2022,"United Nations Population Division",104,"Myanmar","MM","MMR",55,"2004",4,"Median",3,"Both sexes",188,0,-1,"Total",0,"Not applicable",1,"Model-based Estimates",2,"Interpolation",47338446
49,"Total population by sex","Total population by sex","World Population Prospects",2022,"United Nations Population Division",104,"Myanmar","MM","MMR",56,"2005",4,"Median",3,"Both sexes",188,0,-1,"Total",0,"Not applicable",1,"Model-based Estimates",2,"Interpolation",47724472
49,"Total population by sex","Total population by sex","World Population Prospects",2022,"United Nations Population Division",104,"Myanmar","MM","MMR",57,"2006",4,"Median",3,"Both sexes",188,0,-1,"Total",0,"Not applicable",1,"Model-based Estimates",2,"Interpolation",48088275
49,"Total population by sex","Total population by sex","World Population Prospects",2022,"United Nations Population Division",104,"Myanmar","MM","MMR",58,"2007",4,"Median",3,"Both sexes",188,0,-1,"Total",0,"Not applicable",1,"Model-based Estimates",2,"Interpolation",48445647
49,"Total population by sex","Total population by sex","World Population Prospects",2022,"United Nations Population Division",104,"Myanmar","MM","MMR",59,"2008",4,"Median",3,"Both sexes",188,0,-1,"Total",0,"Not applicable",1,"Model-based Estimates",2,"Interpolation",48729486
49,"Total population by sex","Total population by sex","World Population Prospects",2022,"United Nations Population Division",104,"Myanmar","MM","MMR",60,"2009",4,"Median",3,"Both sexes",188,0,-1,"Total",0,"Not applicable",1,"Model-based Estimates",2,"Interpolation",49015837
49,"Total population by sex","Total population by sex","World Population Prospects",2022,"United Nations Population Division",104,"Myanmar","MM","MMR",61,"2010",4,"Median",3,"Both sexes",188,0,-1,"Total",0,"Not applicable",1,"Model-based Estimates",2,"Interpolation",49390988
49,"Total population by sex","Total population by sex","World Population Prospects",2022,"United Nations Population Division",104,"Myanmar","MM","MMR",62,"2011",4,"Median",3,"Both sexes",188,0,-1,"Total",0,"Not applicable",1,"Model-based Estimates",2,"Interpolation",49794522
49,"Total population by sex","Total population by sex","World Population Prospects",2022,"United Nations Population Division",104,"Myanmar","MM","MMR",63,"2012",4,"Median",3,"Both sexes",188,0,-1,"Total",0,"Not applicable",1,"Model-based Estimates",2,"Interpolation",50218185
49,"Total population by sex","Total population by sex","World Population Prospects",2022,"United Nations Population Division",104,"Myanmar","MM","MMR",64,"2013",4,"Median",3,"Both sexes",188,0,-1,"Total",0,"Not applicable",1,"Model-based Estimates",2,"Interpolation",50648334
49,"Total population by sex","Total population by sex","World Population Prospects",2022,"United Nations Population Division",104,"Myanmar","MM","MMR",65,"2014",4,"Median",3,"Both sexes",188,0,-1,"Total",0,"Not applicable",1,"Model-based Estimates",2,"Interpolation",51072436
49,"Total population by sex","Total population by sex","World Population Prospects",2022,"United Nations Population Division",104,"Myanmar","MM","MMR",66,"2015",4,"Median",3,"Both sexes",188,0,-1,"Total",0,"Not applicable",1,"Model-based Estimates",2,"Interpolation",51483949
49,"Total population by sex","Total population by sex","World Population Prospects",2022,"United Nations Population Division",104,"Myanmar","MM","MMR",67,"2016",4,"Median",3,"Both sexes",188,0,-1,"Total",0,"Not applicable",1,"Model-based Estimates",2,"Interpolation",51892349
49,"Total population by sex","Total population by sex","World Population Prospects",2022,"United Nations Population Division",104,"Myanmar","MM","MMR",68,"2017",4,"Median",3,"Both sexes",188,0,-1,"Total",0,"Not applicable",1,"Model-based Estimates",2,"Interpolation",52288341
49,"Total population by sex","Total population by sex","World Population Prospects",2022,"United Nations Population Division",104,"Myanmar","MM","MMR",69,"2018",4,"Median",3,"Both sexes",188,0,-1,"Total",0,"Not applicable",1,"Model-based Estimates",2,"Interpolation",52666014
49,"Total population by sex","Total population by sex","World Population Prospects",2022,"United Nations Population Division",104,"Myanmar","MM","MMR",70,"2019",4,"Median",3,"Both sexes",188,0,-1,"Total",0,"Not applicable",1,"Model-based Estimates",2,"Interpolation",53040212
49,"Total population by sex","Total population by sex","World Population Prospects",2022,"United Nations Population Division",144,"Sri Lanka","LK","LKA",51,"2000",4,"Median",3,"Both sexes",188,0,-1,"Total",0,"Not applicable",1,"Model-based Estimates",2,"Interpolation",18776371
49,"Total population by sex","Total population by sex","World Population Prospects",2022,"United Nations Population Division",144,"Sri Lanka","LK","LKA",52,"2001",4,"Median",3,"Both sexes",188,0,-1,"Total",0,"Not applicable",1,"Model-based Estimates",2,"Interpolation",18920275
49,"Total population by sex","Total population by sex","World Population Prospects",2022,"United Nations Population Division",144,"Sri Lanka","LK","LKA",53,"2002",4,"Median",3,"Both sexes",188,0,-1,"Total",0,"Not applicable",1,"Model-based Estimates",2,"Interpolation",19110707
49,"Total population by sex","Total population by sex","World Population Prospects",2022,"United Nations Population Division",144,"Sri Lanka","LK","LKA",54,"2003",4,"Median",3,"Both sexes",188,0,-1,"Total",0,"Not applicable",1,"Model-based Estimates",2,"Interpolation",19303180
49,"Total population by sex","Total population by sex","World Population Prospects",2022,"United Nations Population Division",144,"Sri Lanka","LK","LKA",55,"2004",4,"Median",3,"Both sexes",188,0,-1,"Total",0,"Not applicable",1,"Model-based Estimates",2,"Interpolation",19490431
49,"Total population by sex","Total population by sex","World Population Prospects",2022,"United Nations Population Division",144,"Sri Lanka","LK","LKA",56,"2005",4,"Median",3,"Both sexes",188,0,-1,"Total",0,"Not applicable",1,"Model-based Estimates",2,"Interpolation",19673866
49,"Total population by sex","Total population by sex","World Population Prospects",2022,"United Nations Population Division",144,"Sri Lanka","LK","LKA",57,"2006",4,"Median",3,"Both sexes",188,0,-1,"Total",0,"Not applicable",1,"Model-based Estimates",2,"Interpolation",19870706
49,"Total population by sex","Total population by sex","World Population Prospects",2022,"United Nations Population Division",144,"Sri Lanka","LK","LKA",58,"2007",4,"Median",3,"Both sexes",188,0,-1,"Total",0,"Not applicable",1,"Model-based Estimates",2,"Interpolation",20078655
49,"Total population by sex","Total population by sex","World Population Prospects",2022,"United Nations Population Division",144,"Sri Lanka","LK","LKA",59,"2008",4,"Median",3,"Both sexes",188,0,-1,"Total",0,"Not applicable",1,"Model-based Estimates",2,"Interpolation",20285643
49,"Total population by sex","Total population by sex","World Population Prospects",2022,"United Nations Population Division",144,"Sri Lanka","LK","LKA",60,"2009",4,"Median",3,"Both sexes",188,0,-1,"Total",0,"Not applicable",1,"Model-based Estimates",2,"Interpolation",20482477
49,"Total population by sex","Total population by sex","World Population Prospects",2022,"United Nations Population Division",144,"Sri Lanka","LK","LKA",61,"2010",4,"Median",3,"Both sexes",188,0,-1,"Total",0,"Not applicable",1,"Model-based Estimates",2,"Interpolation",20668558
49,"Total population by sex","Total population by sex","World Population Prospects",2022,"United Nations Population Division",144,"Sri Lanka","LK","LKA",62,"2011",4,"Median",3,"Both sexes",188,0,-1,"Total",0,"Not applicable",1,"Model-based Estimates",2,"Interpolation",20859743
49,"Total population by sex","Total population by sex","World Population Prospects",2022,"United Nations Population Division",144,"Sri Lanka","LK","LKA",63,"2012",4,"Median",3,"Both sexes",188,0,-1,"Total",0,"Not applicable",1,"Model-based Estimates",2,"Interpolation",21017147
49,"Total population by sex","Total population by sex","World Population Prospects",2022,"United Nations Population Division",144,"Sri Lanka","LK","LKA",64,"2013",4,"Median",3,"Both sexes",188,0,-1,"Total",0,"Not applicable",1,"Model-based Estimates",2,"Interpolation",21131757
49,"Total population by sex","Total population by sex","World Population Prospects",2022,"United Nations Population Division",144,"Sri Lanka","LK","LKA",65,"2014",4,"Median",3,"Both sexes",188,0,-1,"Total",0,"Not applicable",1,"Model-based Estimates",2,"Interpolation",21239457
49,"Total population by sex","Total population by sex","World Population Prospects",2022,"United Nations Population Division",144,"Sri Lanka","LK","LKA",66,"2015",4,"Median",3,"Both sexes",188,0,-1,"Total",0,"Not applicable",1,"Model-based Estimates",2,"Interpolation",21336698
49,"Total population by sex","Total population by sex","World Population Prospects",2022,"United Nations Population Division",144,"Sri Lanka","LK","LKA",67,"2016",4,"Median",3,"Both sexes",188,0,-1,"Total",0,"Not applicable",1,"Model-based Estimates",2,"Interpolation",21425494
49,"Total population by sex","Total population by sex","World Population Prospects",2022,"United Nations Population Division",144,"Sri Lanka","LK","LKA",68,"2017",4,"Median",3,"Both sexes",188,0,-1,"Total",0,"Not applicable",1,"Model-based Estimates",2,"Interpolation",21506813
49,"Total population by sex","Total population by sex","World Population Prospects",2022,"United Nations Population Division",144,"Sri Lanka","LK","LKA",69,"2018",4,"Median",3,"Both sexes",188,0,-1,"Total",0,"Not applicable",1,"Model-based Estimates",2,"Interpolation",21580710
49,"Total population by sex","Total population by sex","World Population Prospects",2022,"United Nations Population Division",144,"Sri Lanka","LK","LKA",70,"2019",4,"Median",3,"Both sexes",188,0,-1,"Total",0,"Not applicable",1,"Model-based Estimates",2,"Interpolation",21649664
49,"Total population by sex","Total population by sex","World Population Prospects",2022,"United Nations Population Division",356,"India","IN","IND",51,"2000",4,"Median",3,"Both sexes",188,0,-1,"Total",0,"Not applicable",1,"Model-based Estimates",2,"Interpolation",1059633675
49,"Total population by sex","Total population by sex","World Population Prospects",2022,"United Nations Population Division",356,"India","IN","IND",52,"2001",4,"Median",3,"Both sexes",188,0,-1,"Total",0,"Not applicable",1,"Model-based Estimates",2,"Interpolation",1078970907
49,"Total population by sex","Total population by sex","World Population Prospects",2022,"United Nations Population Division",356,"India","IN","IND",53,"2002",4,"Median",3,"Both sexes",188,0,-1,"Total",0,"Not applicable",1,"Model-based Estimates",2,"Interpolation",1098313039
49,"Total population by sex","Total population by sex","World Population Prospects",2022,"United Nations Population Division",356,"India","IN","IND",54,"2003",4,"Median",3,"Both sexes",188,0,-1,"Total",0,"Not applicable",1,"Model-based Estimates",2,"Interpolation",1117415124
49,"Total population by sex","Total population by sex","World Population Prospects",2022,"United Nations Population Division",356,"India","IN","IND",55,"2004",4,"Median",3,"Both sexes",188,0,-1,"Total",0,"Not applicable",1,"Model-based Estimates",2,"Interpolation",1136264583
49,"Total population by sex","Total population by sex","World Population Prospects",2022,"United Nations Population Division",356,"India","IN","IND",56,"2005",4,"Median",3,"Both sexes",188,0,-1,"Total",0,"Not applicable",1,"Model-based Estimates",2,"Interpolation",1154638713
49,"Total population by sex","Total population by sex","World Population Prospects",2022,"United Nations Population Division",356,"India","IN","IND",57,"2006",4,"Median",3,"Both sexes",188,0,-1,"Total",0,"Not applicable",1,"Model-based Estimates",2,"Interpolation",1172373788
49,"Total population by sex","Total population by sex","World Population Prospects",2022,"United Nations Population Division",356,"India","IN","IND",58,"2007",4,"Median",3,"Both sexes",188,0,-1,"Total",0,"Not applicable",1,"Model-based Estimates",2,"Interpolation",1189691810
49,"Total population by sex","Total population by sex","World Population Prospects",2022,"United Nations Population Division",356,"India","IN","IND",59,"2008",4,"Median",3,"Both sexes",188,0,-1,"Total",0,"Not applicable",1,"Model-based Estimates",2,"Interpolation",1206734806
49,"Total population by sex","Total population by sex","World Population Prospects",2022,"United Nations Population Division",356,"India","IN","IND",60,"2009",4,"Median",3,"Both sexes",188,0,-1,"Total",0,"Not applicable",1,"Model-based Estimates",2,"Interpolation",1223640160
49,"Total population by sex","Total population by sex","World Population Prospects",2022,"United Nations Population Division",356,"India","IN","IND",61,"2010",4,"Median",3,"Both sexes",188,0,-1,"Total",0,"Not applicable",1,"Model-based Estimates",2,"Interpolation",1240613620
49,"Total population by sex","Total population by sex","World Population Prospects",2022,"United Nations Population Division",356,"India","IN","IND",62,"2011",4,"Median",3,"Both sexes",188,0,-1,"Total",0,"Not applicable",1,"Model-based Estimates",2,"Interpolation",1257621191
49,"Total population by sex","Total population by sex","World Population Prospects",2022,"United Nations Population Division",356,"India","IN","IND",63,"2012",4,"Median",3,"Both sexes",188,0,-1,"Total",0,"Not applicable",1,"Model-based Estimates",2,"Interpolation",1274487215
49,"Total population by sex","Total population by sex","World Population Prospects",2022,"United Nations Population Division",356,"India","IN","IND",64,"2013",4,"Median",3,"Both sexes",188,0,-1,"Total",0,"Not applicable",1,"Model-based Estimates",2,"Interpolation",1291132064
49,"Total population by sex","Total population by sex","World Population Prospects",2022,"United Nations Population Division",356,"India","IN","IND",65,"2014",4,"Median",3,"Both sexes",188,0,-1,"Total",0,"Not applicable",1,"Model-based Estimates",2,"Interpolation",1307246509
49,"Total population by sex","Total population by sex","World Population Prospects",2022,"United Nations Population Division",356,"India","IN","IND",66,"2015",4,"Median",3,"Both sexes",188,0,-1,"Total",0,"Not applicable",1,"Model-based Estimates",2,"Interpolation",1322866505
49,"Total population by sex","Total population by sex","World Population Prospects",2022,"United Nations Population Division",356,"India","IN","IND",67,"2016",4,"Median",3,"Both sexes",188,0,-1,"Total",0,"Not applicable",1,"Model-based Estimates",2,"Interpolation",1338636340
49,"Total population by sex","Total population by sex","World Population Prospects",2022,"United Nations Population Division",356,"India","IN","IND",68,"2017",4,"Median",3,"Both sexes",188,0,-1,"Total",0,"Not applicable",1,"Model-based Estimates",2,"Interpolation",1354195680
49,"Total population by sex","Total population by sex","World Population Prospects",2022,"United Nations Population Division",356,"India","IN","IND",69,"2018",4,"Median",3,"Both sexes",188,0,-1,"Total",0,"Not applicable",1,"Model-based Estimates",2,"Interpolation",1369003307
49,"Total population by sex","Total population by sex","World Population Prospects",2022,"United Nations Population Division",356,"India","IN","IND",70,"2019",4,"Median",3,"Both sexes",188,0,-1,"Total",0,"Not applicable",1,"Model-based Estimates",2,"Interpolation",1383112051
49,"Total population by sex","Total population by sex","World Population Prospects",2022,"United Nations Population Division",360,"Indonesia","ID","IDN",51,"2000",4,"Median",3,"Both sexes",188,0,-1,"Total",0,"Not applicable",1,"Model-based Estimates",2,"Interpolation",214072422
49,"Total population by sex","Total population by sex","World Population Prospects",2022,"United Nations Population Division",360,"Indonesia","ID","IDN",52,"2001",4,"Median",3,"Both sexes",188,0,-1,"Total",0,"Not applicable",1,"Model-based Estimates",2,"Interpolation",217112437
49,"Total population by sex","Total population by sex","World Population Prospects",2022,"United Nations Population Division",360,"Indonesia","ID","IDN",53,"2002",4,"Median",3,"Both sexes",188,0,-1,"Total",0,"Not applicable",1,"Model-based Estimates",2,"Interpolation",220115092
49,"Total population by sex","Total population by sex","World Population Prospects",2022,"United Nations Population Division",360,"Indonesia","ID","IDN",54,"2003",4,"Median",3,"Both sexes",188,0,-1,"Total",0,"Not applicable",1,"Model-based Estimates",2,"Interpolation",223080121
49,"Total population by sex","Total population by sex","World Population Prospects",2022,"United Nations Population Division",360,"Indonesia","ID","IDN",55,"2004",4,"Median",3,"Both sexes",188,0,-1,"Total",0,"Not applicable",1,"Model-based Estimates",2,"Interpolation",225938595
49,"Total population by sex","Total population by sex","World Population Prospects",2022,"United Nations Population Division",360,"Indonesia","ID","IDN",56,"2005",4,"Median",3,"Both sexes",188,0,-1,"Total",0,"Not applicable",1,"Model-based Estimates",2,"Interpolation",228805144
49,"Total population by sex","Total population by sex","World Population Prospects",2022,"United Nations Population Division",360,"Indonesia","ID","IDN",57,"2006",4,"Median",3,"Both sexes",188,0,-1,"Total",0,"Not applicable",1,"Model-based Estimates",2,"Interpolation",231797427
49,"Total population by sex","Total population by sex","World Population Prospects",2022,"United Nations Population Division",360,"Indonesia","ID","IDN",58,"2007",4,"Median",3,"Both sexes",188,0,-1,"Total",0,"Not applicable",1,"Model-based Estimates",2,"Interpolation",234858289
49,"Total population by sex","Total population by sex","World Population Prospects",2022,"United Nations Population Division",360,"Indonesia","ID","IDN",59,"2008",4,"Median",3,"Both sexes",188,0,-1,"Total",0,"Not applicable",1,"Model-based Estimates",2,"Interpolation",237936544
49,"Total population by sex","Total population by sex","World Population Prospects",2022,"United Nations Population Division",360,"Indonesia","ID","IDN",60,"2009",4,"Median",3,"Both sexes",188,0,-1,"Total",0,"Not applicable",1,"Model-based Estimates",2,"Interpolation",240981299
49,"Total population by sex","Total population by sex","World Population Prospects",2022,"United Nations Population Division",360,"Indonesia","ID","IDN",61,"2010",4,"Median",3,"Both sexes",188,0,-1,"Total",0,"Not applicable",1,"Model-based Estimates",2,"Interpolation",244016173
49,"Total population by sex","Total population by sex","World Population Prospects",2022,"United Nations Population Division",360,"Indonesia","ID","IDN",62,"2011",4,"Median",3,"Both sexes",188,0,-1,"Total",0,"Not applicable",1,"Model-based Estimates",2,"Interpolation",247099697
49,"Total population by sex","Total population by sex","World Population Prospects",2022,"United Nations Population Division",360,"Indonesia","ID","IDN",63,"2012",4,"Median",3,"Both sexes",188,0,-1,"Total",0,"Not applicable",1,"Model-based Estimates",2,"Interpolation",250222695
49,"Total population by sex","Total population by sex","World Population Prospects",2022,"United Nations Population Division",360,"Indonesia","ID","IDN",64,"2013",4,"Median",3,"Both sexes",188,0,-1,"Total",0,"Not applicable",1,"Model-based Estimates",2,"Interpolation",253275918
49,"Total population by sex","Total population by sex","World Population Prospects",2022,"United Nations Population Division",360,"Indonesia","ID","IDN",65,"2014",4,"Median",3,"Both sexes",188,0,-1,"Total",0,"Not applicable",1,"Model-based Estimates",2,"Interpolation",256229762
49,"Total population by sex","Total population by sex","World Population Prospects",2022,"United Nations Population Division",360,"Indonesia","ID","IDN",66,"2015",4,"Median",3,"Both sexes",188,0,-1,"Total",0,"Not applicable",1,"Model-based Estimates",2,"Interpolation",259091970
49,"Total population by sex","Total population by sex","World Population Prospects",2022,"United Nations Population Division",360,"Indonesia","ID","IDN",67,"2016",4,"Median",3,"Both sexes",188,0,-1,"Total",0,"Not applicable",1,"Model-based Estimates",2,"Interpolation",261850182
49,"Total population by sex","Total population by sex","World Population Prospects",2022,"United Nations Population Division",360,"Indonesia","ID","IDN",68,"2017",4,"Median",3,"Both sexes",188,0,-1,"Total",0,"Not applicable",1,"Model-based Estimates",2,"Interpolation",264498852
49,"Total population by sex","Total population by sex","World Population Prospects",2022,"United Nations Population Division",360,"Indonesia","ID","IDN",69,"2018",4,"Median",3,"Both sexes",188,0,-1,"Total",0,"Not applicable",1,"Model-based Estimates",2,"Interpolation",267066843
49,"Total population by sex","Total population by sex","World Population Prospects",2022,"United Nations Population Division",360,"Indonesia","ID","IDN",70,"2019",4,"Median",3,"Both sexes",188,0,-1,"Total",0,"Not applicable",1,"Model-based Estimates",2,"Interpolation",269582878
49,"Total population by sex","Total population by sex","World Population Prospects",2022,"United Nations Population Division",408,"Dem. People's Rep. of Korea","KP","PRK",51,"2000",4,"Median",3,"Both sexes",188,0,-1,"Total",0,"Not applicable",1,"Model-based Estimates",2,"Interpolation",23367060
49,"Total population by sex","Total population by sex","World Population Prospects",2022,"United Nations Population Division",408,"Dem. People's Rep. of Korea","KP","PRK",52,"2001",4,"Median",3,"Both sexes",188,0,-1,"Total",0,"Not applicable",1,"Model-based Estimates",2,"Interpolation",23512522
49,"Total population by sex","Total population by sex","World Population Prospects",2022,"United Nations Population Division",408,"Dem. People's Rep. of Korea","KP","PRK",53,"2002",4,"Median",3,"Both sexes",188,0,-1,"Total",0,"Not applicable",1,"Model-based Estimates",2,"Interpolation",23638411
49,"Total population by sex","Total population by sex","World Population Prospects",2022,"United Nations Population Division",408,"Dem. People's Rep. of Korea","KP","PRK",54,"2003",4,"Median",3,"Both sexes",188,0,-1,"Total",0,"Not applicable",1,"Model-based Estimates",2,"Interpolation",23781707
49,"Total population by sex","Total population by sex","World Population Prospects",2022,"United Nations Population Division",408,"Dem. People's Rep. of Korea","KP","PRK",55,"2004",4,"Median",3,"Both sexes",188,0,-1,"Total",0,"Not applicable",1,"Model-based Estimates",2,"Interpolation",23948930
49,"Total population by sex","Total population by sex","World Population Prospects",2022,"United Nations Population Division",408,"Dem. People's Rep. of Korea","KP","PRK",56,"2005",4,"Median",3,"Both sexes",188,0,-1,"Total",0,"Not applicable",1,"Model-based Estimates",2,"Interpolation",24100982
49,"Total population by sex","Total population by sex","World Population Prospects",2022,"United Nations Population Division",408,"Dem. People's Rep. of Korea","KP","PRK",57,"2006",4,"Median",3,"Both sexes",188,0,-1,"Total",0,"Not applicable",1,"Model-based Estimates",2,"Interpolation",24235761
49,"Total population by sex","Total population by sex","World Population Prospects",2022,"United Nations Population Division",408,"Dem. People's Rep. of Korea","KP","PRK",58,"2007",4,"Median",3,"Both sexes",188,0,-1,"Total",0,"Not applicable",1,"Model-based Estimates",2,"Interpolation",24356506
49,"Total population by sex","Total population by sex","World Population Prospects",2022,"United Nations Population Division",408,"Dem. People's Rep. of Korea","KP","PRK",59,"2008",4,"Median",3,"Both sexes",188,0,-1,"Total",0,"Not applicable",1,"Model-based Estimates",2,"Interpolation",24469047
49,"Total population by sex","Total population by sex","World Population Prospects",2022,"United Nations Population Division",408,"Dem. People's Rep. of Korea","KP","PRK",60,"2009",4,"Median",3,"Both sexes",188,0,-1,"Total",0,"Not applicable",1,"Model-based Estimates",2,"Interpolation",24581509
49,"Total population by sex","Total population by sex","World Population Prospects",2022,"United Nations Population Division",408,"Dem. People's Rep. of Korea","KP","PRK",61,"2010",4,"Median",3,"Both sexes",188,0,-1,"Total",0,"Not applicable",1,"Model-based Estimates",2,"Interpolation",24686436
49,"Total population by sex","Total population by sex","World Population Prospects",2022,"United Nations Population Division",408,"Dem. People's Rep. of Korea","KP","PRK",62,"2011",4,"Median",3,"Both sexes",188,0,-1,"Total",0,"Not applicable",1,"Model-based Estimates",2,"Interpolation",24783790
49,"Total population by sex","Total population by sex","World Population Prospects",2022,"United Nations Population Division",408,"Dem. People's Rep. of Korea","KP","PRK",63,"2012",4,"Median",3,"Both sexes",188,0,-1,"Total",0,"Not applicable",1,"Model-based Estimates",2,"Interpolation",24887770
49,"Total population by sex","Total population by sex","World Population Prospects",2022,"United Nations Population Division",408,"Dem. People's Rep. of Korea","KP","PRK",64,"2013",4,"Median",3,"Both sexes",188,0,-1,"Total",0,"Not applicable",1,"Model-based Estimates",2,"Interpolation",25001819
49,"Total population by sex","Total population by sex","World Population Prospects",2022,"United Nations Population Division",408,"Dem. People's Rep. of Korea","KP","PRK",65,"2014",4,"Median",3,"Both sexes",188,0,-1,"Total",0,"Not applicable",1,"Model-based Estimates",2,"Interpolation",25126131
49,"Total population by sex","Total population by sex","World Population Prospects",2022,"United Nations Population Division",408,"Dem. People's Rep. of Korea","KP","PRK",66,"2015",4,"Median",3,"Both sexes",188,0,-1,"Total",0,"Not applicable",1,"Model-based Estimates",2,"Interpolation",25258015
49,"Total population by sex","Total population by sex","World Population Prospects",2022,"United Nations Population Division",408,"Dem. People's Rep. of Korea","KP","PRK",67,"2016",4,"Median",3,"Both sexes",188,0,-1,"Total",0,"Not applicable",1,"Model-based Estimates",2,"Interpolation",25389611
49,"Total population by sex","Total population by sex","World Population Prospects",2022,"United Nations Population Division",408,"Dem. People's Rep. of Korea","KP","PRK",68,"2017",4,"Median",3,"Both sexes",188,0,-1,"Total",0,"Not applicable",1,"Model-based Estimates",2,"Interpolation",25516322
49,"Total population by sex","Total population by sex","World Population Prospects",2022,"United Nations Population Division",408,"Dem. People's Rep. of Korea","KP","PRK",69,"2018",4,"Median",3,"Both sexes",188,0,-1,"Total",0,"Not applicable",1,"Model-based Estimates",2,"Interpolation",25638150
49,"Total population by sex","Total population by sex","World Population Prospects",2022,"United Nations Population Division",408,"Dem. People's Rep. of Korea","KP","PRK",70,"2019",4,"Median",3,"Both sexes",188,0,-1,"Total",0,"Not applicable",1,"Model-based Estimates",2,"Interpolation",25755441
49,"Total population by sex","Total population by sex","World Population Prospects",2022,"United Nations Population Division",462,"Maldives","MV","MDV",51,"2000",4,"Median",3,"Both sexes",188,0,-1,"Total",0,"Not applicable",1,"Model-based Estimates",2,"Interpolation",282507
49,"Total population by sex","Total population by sex","World Population Prospects",2022,"United Nations Population Division",462,"Maldives","MV","MDV",52,"2001",4,"Median",3,"Both sexes",188,0,-1,"Total",0,"Not applicable",1,"Model-based Estimates",2,"Interpolation",287324
49,"Total population by sex","Total population by sex","World Population Prospects",2022,"United Nations Population Division",462,"Maldives","MV","MDV",53,"2002",4,"Median",3,"Both sexes",188,0,-1,"Total",0,"Not applicable",1,"Model-based Estimates",2,"Interpolation",292284
49,"Total population by sex","Total population by sex","World Population Prospects",2022,"United Nations Population Division",462,"Maldives","MV","MDV",54,"2003",4,"Median",3,"Both sexes",188,0,-1,"Total",0,"Not applicable",1,"Model-based Estimates",2,"Interpolation",297226
49,"Total population by sex","Total population by sex","World Population Prospects",2022,"United Nations Population Division",462,"Maldives","MV","MDV",55,"2004",4,"Median",3,"Both sexes",188,0,-1,"Total",0,"Not applicable",1,"Model-based Estimates",2,"Interpolation",302135
49,"Total population by sex","Total population by sex","World Population Prospects",2022,"United Nations Population Division",462,"Maldives","MV","MDV",56,"2005",4,"Median",3,"Both sexes",188,0,-1,"Total",0,"Not applicable",1,"Model-based Estimates",2,"Interpolation",307018
49,"Total population by sex","Total population by sex","World Population Prospects",2022,"United Nations Population Division",462,"Maldives","MV","MDV",57,"2006",4,"Median",3,"Both sexes",188,0,-1,"Total",0,"Not applicable",1,"Model-based Estimates",2,"Interpolation",314401
49,"Total population by sex","Total population by sex","World Population Prospects",2022,"United Nations Population Division",462,"Maldives","MV","MDV",58,"2007",4,"Median",3,"Both sexes",188,0,-1,"Total",0,"Not applicable",1,"Model-based Estimates",2,"Interpolation",325126
49,"Total population by sex","Total population by sex","World Population Prospects",2022,"United Nations Population Division",462,"Maldives","MV","MDV",59,"2008",4,"Median",3,"Both sexes",188,0,-1,"Total",0,"Not applicable",1,"Model-based Estimates",2,"Interpolation",336883
49,"Total population by sex","Total population by sex","World Population Prospects",2022,"United Nations Population Division",462,"Maldives","MV","MDV",60,"2009",4,"Median",3,"Both sexes",188,0,-1,"Total",0,"Not applicable",1,"Model-based Estimates",2,"Interpolation",349037
49,"Total population by sex","Total population by sex","World Population Prospects",2022,"United Nations Population Division",462,"Maldives","MV","MDV",61,"2010",4,"Median",3,"Both sexes",188,0,-1,"Total",0,"Not applicable",1,"Model-based Estimates",2,"Interpolation",361575
49,"Total population by sex","Total population by sex","World Population Prospects",2022,"United Nations Population Division",462,"Maldives","MV","MDV",62,"2011",4,"Median",3,"Both sexes",188,0,-1,"Total",0,"Not applicable",1,"Model-based Estimates",2,"Interpolation",374441
49,"Total population by sex","Total population by sex","World Population Prospects",2022,"United Nations Population Division",462,"Maldives","MV","MDV",63,"2012",4,"Median",3,"Both sexes",188,0,-1,"Total",0,"Not applicable",1,"Model-based Estimates",2,"Interpolation",387540
49,"Total population by sex","Total population by sex","World Population Prospects",2022,"United Nations Population Division",462,"Maldives","MV","MDV",64,"2013",4,"Median",3,"Both sexes",188,0,-1,"Total",0,"Not applicable",1,"Model-based Estimates",2,"Interpolation",400728
49,"Total population by sex","Total population by sex","World Population Prospects",2022,"United Nations Population Division",462,"Maldives","MV","MDV",65,"2014",4,"Median",3,"Both sexes",188,0,-1,"Total",0,"Not applicable",1,"Model-based Estimates",2,"Interpolation",416738
49,"Total population by sex","Total population by sex","World Population Prospects",2022,"United Nations Population Division",462,"Maldives","MV","MDV",66,"2015",4,"Median",3,"Both sexes",188,0,-1,"Total",0,"Not applicable",1,"Model-based Estimates",2,"Interpolation",435582
49,"Total population by sex","Total population by sex","World Population Prospects",2022,"United Nations Population Division",462,"Maldives","MV","MDV",67,"2016",4,"Median",3,"Both sexes",188,0,-1,"Total",0,"Not applicable",1,"Model-based Estimates",2,"Interpolation",454253
49,"Total population by sex","Total population by sex","World Population Prospects",2022,"United Nations Population Division",462,"Maldives","MV","MDV",68,"2017",4,"Median",3,"Both sexes",188,0,-1,"Total",0,"Not applicable",1,"Model-based Estimates",2,"Interpolation",472442
49,"Total population by sex","Total population by sex","World Population Prospects",2022,"United Nations Population Division",462,"Maldives","MV","MDV",69,"2018",4,"Median",3,"Both sexes",188,0,-1,"Total",0,"Not applicable",1,"Model-based Estimates",2,"Interpolation",489758
49,"Total population by sex","Total population by sex","World Population Prospects",2022,"United Nations Population Division",462,"Maldives","MV","MDV",70,"2019",4,"Median",3,"Both sexes",188,0,-1,"Total",0,"Not applicable",1,"Model-based Estimates",2,"Interpolation",504508
49,"Total population by sex","Total population by sex","World Population Prospects",2022,"United Nations Population Division",524,"Nepal","NP","NPL",51,"2000",4,"Median",3,"Both sexes",188,0,-1,"Total",0,"Not applicable",1,"Model-based Estimates",2,"Interpolation",24559501
49,"Total population by sex","Total population by sex","World Population Prospects",2022,"United Nations Population Division",524,"Nepal","NP","NPL",52,"2001",4,"Median",3,"Both sexes",188,0,-1,"Total",0,"Not applicable",1,"Model-based Estimates",2,"Interpolation",24956072
49,"Total population by sex","Total population by sex","World Population Prospects",2022,"United Nations Population Division",524,"Nepal","NP","NPL",53,"2002",4,"Median",3,"Both sexes",188,0,-1,"Total",0,"Not applicable",1,"Model-based Estimates",2,"Interpolation",25332178
49,"Total population by sex","Total population by sex","World Population Prospects",2022,"United Nations Population Division",524,"Nepal","NP","NPL",54,"2003",4,"Median",3,"Both sexes",188,0,-1,"Total",0,"Not applicable",1,"Model-based Estimates",2,"Interpolation",25682908
49,"Total population by sex","Total population by sex","World Population Prospects",2022,"United Nations Population Division",524,"Nepal","NP","NPL",55,"2004",4,"Median",3,"Both sexes",188,0,-1,"Total",0,"Not applicable",1,"Model-based Estimates",2,"Interpolation",26003965
49,"Total population by sex","Total population by sex","World Population Prospects",2022,"United Nations Population Division",524,"Nepal","NP","NPL",56,"2005",4,"Median",3,"Both sexes",188,0,-1,"Total",0,"Not applicable",1,"Model-based Estimates",2,"Interpolation",26285110
49,"Total population by sex","Total population by sex","World Population Prospects",2022,"United Nations Population Division",524,"Nepal","NP","NPL",57,"2006",4,"Median",3,"Both sexes",188,0,-1,"Total",0,"Not applicable",1,"Model-based Estimates",2,"Interpolation",26518971
49,"Total population by sex","Total population by sex","World Population Prospects",2022,"United Nations Population Division",524,"Nepal","NP","NPL",58,"2007",4,"Median",3,"Both sexes",188,0,-1,"Total",0,"Not applicable",1,"Model-based Estimates",2,"Interpolation",26713655
49,"Total population by sex","Total population by sex","World Population Prospects",2022,"United Nations Population Division",524,"Nepal","NP","NPL",59,"2008",4,"Median",3,"Both sexes",188,0,-1,"Total",0,"Not applicable",1,"Model-based Estimates",2,"Interpolation",26881544
49,"Total population by sex","Total population by sex","World Population Prospects",2022,"United Nations Population Division",524,"Nepal","NP","NPL",60,"2009",4,"Median",3,"Both sexes",188,0,-1,"Total",0,"Not applicable",1,"Model-based Estimates",2,"Interpolation",27026941
49,"Total population by sex","Total population by sex","World Population Prospects",2022,"United Nations Population Division",524,"Nepal","NP","NPL",61,"2010",4,"Median",3,"Both sexes",188,0,-1,"Total",0,"Not applicable",1,"Model-based Estimates",2,"Interpolation",27161567
49,"Total population by sex","Total population by sex","World Population Prospects",2022,"United Nations Population Division",524,"Nepal","NP","NPL",62,"2011",4,"Median",3,"Both sexes",188,0,-1,"Total",0,"Not applicable",1,"Model-based Estimates",2,"Interpolation",27266399
49,"Total population by sex","Total population by sex","World Population Prospects",2022,"United Nations Population Division",524,"Nepal","NP","NPL",63,"2012",4,"Median",3,"Both sexes",188,0,-1,"Total",0,"Not applicable",1,"Model-based Estimates",2,"Interpolation",27330694
49,"Total population by sex","Total population by sex","World Population Prospects",2022,"United Nations Population Division",524,"Nepal","NP","NPL",64,"2013",4,"Median",3,"Both sexes",188,0,-1,"Total",0,"Not applicable",1,"Model-based Estimates",2,"Interpolation",27381555
49,"Total population by sex","Total population by sex","World Population Prospects",2022,"United Nations Population Division",524,"Nepal","NP","NPL",65,"2014",4,"Median",3,"Both sexes",188,0,-1,"Total",0,"Not applicable",1,"Model-based Estimates",2,"Interpolation",27462106
49,"Total population by sex","Total population by sex","World Population Prospects",2022,"United Nations Population Division",524,"Nepal","NP","NPL",66,"2015",4,"Median",3,"Both sexes",188,0,-1,"Total",0,"Not applicable",1,"Model-based Estimates",2,"Interpolation",27610326
49,"Total population by sex","Total population by sex","World Population Prospects",2022,"United Nations Population Division",524,"Nepal","NP","NPL",67,"2016",4,"Median",3,"Both sexes",188,0,-1,"Total",0,"Not applicable",1,"Model-based Estimates",2,"Interpolation",27861186
49,"Total population by sex","Total population by sex","World Population Prospects",2022,"United Nations Population Division",524,"Nepal","NP","NPL",68,"2017",4,"Median",3,"Both sexes",188,0,-1,"Total",0,"Not applicable",1,"Model-based Estimates",2,"Interpolation",28183426
49,"Total population by sex","Total population by sex","World Population Prospects",2022,"United Nations Population Division",524,"Nepal","NP","NPL",69,"2018",4,"Median",3,"Both sexes",188,0,-1,"Total",0,"Not applicable",1,"Model-based Estimates",2,"Interpolation",28506712
49,"Total population by sex","Total population by sex","World Population Prospects",2022,"United Nations Population Division",524,"Nepal","NP","NPL",70,"2019",4,"Median",3,"Both sexes",188,0,-1,"Total",0,"Not applicable",1,"Model-based Estimates",2,"Interpolation",28832496
49,"Total population by sex","Total population by sex","World Population Prospects",2022,"United Nations Population Division",626,"Timor-Leste","TL","TLS",51,"2000",4,"Median",3,"Both sexes",188,0,-1,"Total",0,"Not applicable",1,"Model-based Estimates",2,"Interpolation",878360
49,"Total population by sex","Total population by sex","World Population Prospects",2022,"United Nations Population Division",626,"Timor-Leste","TL","TLS",52,"2001",4,"Median",3,"Both sexes",188,0,-1,"Total",0,"Not applicable",1,"Model-based Estimates",2,"Interpolation",893001
49,"Total population by sex","Total population by sex","World Population Prospects",2022,"United Nations Population Division",626,"Timor-Leste","TL","TLS",53,"2002",4,"Median",3,"Both sexes",188,0,-1,"Total",0,"Not applicable",1,"Model-based Estimates",2,"Interpolation",909639
49,"Total population by sex","Total population by sex","World Population Prospects",2022,"United Nations Population Division",626,"Timor-Leste","TL","TLS",54,"2003",4,"Median",3,"Both sexes",188,0,-1,"Total",0,"Not applicable",1,"Model-based Estimates",2,"Interpolation",926722
49,"Total population by sex","Total population by sex","World Population Prospects",2022,"United Nations Population Division",626,"Timor-Leste","TL","TLS",55,"2004",4,"Median",3,"Both sexes",188,0,-1,"Total",0,"Not applicable",1,"Model-based Estimates",2,"Interpolation",945989
49,"Total population by sex","Total population by sex","World Population Prospects",2022,"United Nations Population Division",626,"Timor-Leste","TL","TLS",56,"2005",4,"Median",3,"Both sexes",188,0,-1,"Total",0,"Not applicable",1,"Model-based Estimates",2,"Interpolation",969314
49,"Total population by sex","Total population by sex","World Population Prospects",2022,"United Nations Population Division",626,"Timor-Leste","TL","TLS",57,"2006",4,"Median",3,"Both sexes",188,0,-1,"Total",0,"Not applicable",1,"Model-based Estimates",2,"Interpolation",994565
49,"Total population by sex","Total population by sex","World Population Prospects",2022,"United Nations Population Division",626,"Timor-Leste","TL","TLS",58,"2007",4,"Median",3,"Both sexes",188,0,-1,"Total",0,"Not applicable",1,"Model-based Estimates",2,"Interpolation",1019362
49,"Total population by sex","Total population by sex","World Population Prospects",2022,"United Nations Population Division",626,"Timor-Leste","TL","TLS",59,"2008",4,"Median",3,"Both sexes",188,0,-1,"Total",0,"Not applicable",1,"Model-based Estimates",2,"Interpolation",1043076
49,"Total population by sex","Total population by sex","World Population Prospects",2022,"United Nations Population Division",626,"Timor-Leste","TL","TLS",60,"2009",4,"Median",3,"Both sexes",188,0,-1,"Total",0,"Not applicable",1,"Model-based Estimates",2,"Interpolation",1065540
49,"Total population by sex","Total population by sex","World Population Prospects",2022,"United Nations Population Division",626,"Timor-Leste","TL","TLS",61,"2010",4,"Median",3,"Both sexes",188,0,-1,"Total",0,"Not applicable",1,"Model-based Estimates",2,"Interpolation",1088487
49,"Total population by sex","Total population by sex","World Population Prospects",2022,"United Nations Population Division",626,"Timor-Leste","TL","TLS",62,"2011",4,"Median",3,"Both sexes",188,0,-1,"Total",0,"Not applicable",1,"Model-based Estimates",2,"Interpolation",1112976
49,"Total population by sex","Total population by sex","World Population Prospects",2022,"United Nations Population Division",626,"Timor-Leste","TL","TLS",63,"2012",4,"Median",3,"Both sexes",188,0,-1,"Total",0,"Not applicable",1,"Model-based Estimates",2,"Interpolation",1137676
49,"Total population by sex","Total population by sex","World Population Prospects",2022,"United Nations Population Division",626,"Timor-Leste","TL","TLS",64,"2013",4,"Median",3,"Both sexes",188,0,-1,"Total",0,"Not applicable",1,"Model-based Estimates",2,"Interpolation",1161555
49,"Total population by sex","Total population by sex","World Population Prospects",2022,"United Nations Population Division",626,"Timor-Leste","TL","TLS",65,"2014",4,"Median",3,"Both sexes",188,0,-1,"Total",0,"Not applicable",1,"Model-based Estimates",2,"Interpolation",1184830
49,"Total population by sex","Total population by sex","World Population Prospects",2022,"United Nations Population Division",626,"Timor-Leste","TL","TLS",66,"2015",4,"Median",3,"Both sexes",188,0,-1,"Total",0,"Not applicable",1,"Model-based Estimates",2,"Interpolation",1205813
49,"Total population by sex","Total population by sex","World Population Prospects",2022,"United Nations Population Division",626,"Timor-Leste","TL","TLS",67,"2016",4,"Median",3,"Both sexes",188,0,-1,"Total",0,"Not applicable",1,"Model-based Estimates",2,"Interpolation",1224562
49,"Total population by sex","Total population by sex","World Population Prospects",2022,"United Nations Population Division",626,"Timor-Leste","TL","TLS",68,"2017",4,"Median",3,"Both sexes",188,0,-1,"Total",0,"Not applicable",1,"Model-based Estimates",2,"Interpolation",1243235
49,"Total population by sex","Total population by sex","World Population Prospects",2022,"United Nations Population Division",626,"Timor-Leste","TL","TLS",69,"2018",4,"Median",3,"Both sexes",188,0,-1,"Total",0,"Not applicable",1,"Model-based Estimates",2,"Interpolation",1261846
49,"Total population by sex","Total population by sex","World Population Prospects",2022,"United Nations Population Division",626,"Timor-Leste","TL","TLS",70,"2019",4,"Median",3,"Both sexes",188,0,-1,"Total",0,"Not applicable",1,"Model-based Estimates",2,"Interpolation",1280438
49,"Total population by sex","Total population by sex","World Population Prospects",2022,"United Nations Population Division",764,"Thailand","TH","THA",51,"2000",4,"Median",3,"Both sexes",188,0,-1,"Total",0,"Not applicable",1,"Model-based Estimates",2,"Interpolation",63066603
49,"Total population by sex","Total population by sex","World Population Prospects",2022,"United Nations Population Division",764,"Thailand","TH","THA",52,"2001",4,"Median",3,"Both sexes",188,0,-1,"Total",0,"Not applicable",1,"Model-based Estimates",2,"Interpolation",63649892
49,"Total population by sex","Total population by sex","World Population Prospects",2022,"United Nations Population Division",764,"Thailand","TH","THA",53,"2002",4,"Median",3,"Both sexes",188,0,-1,"Total",0,"Not applicable",1,"Model-based Estimates",2,"Interpolation",64222580
49,"Total population by sex","Total population by sex","World Population Prospects",2022,"United Nations Population Division",764,"Thailand","TH","THA",54,"2003",4,"Median",3,"Both sexes",188,0,-1,"Total",0,"Not applicable",1,"Model-based Estimates",2,"Interpolation",64776956
49,"Total population by sex","Total population by sex","World Population Prospects",2022,"United Nations Population Division",764,"Thailand","TH","THA",55,"2004",4,"Median",3,"Both sexes",188,0,-1,"Total",0,"Not applicable",1,"Model-based Estimates",2,"Interpolation",65311166
49,"Total population by sex","Total population by sex","World Population Prospects",2022,"United Nations Population Division",764,"Thailand","TH","THA",56,"2005",4,"Median",3,"Both sexes",188,0,-1,"Total",0,"Not applicable",1,"Model-based Estimates",2,"Interpolation",65821360
49,"Total population by sex","Total population by sex","World Population Prospects",2022,"United Nations Population Division",764,"Thailand","TH","THA",57,"2006",4,"Median",3,"Both sexes",188,0,-1,"Total",0,"Not applicable",1,"Model-based Estimates",2,"Interpolation",66319525
49,"Total population by sex","Total population by sex","World Population Prospects",2022,"United Nations Population Division",764,"Thailand","TH","THA",58,"2007",4,"Median",3,"Both sexes",188,0,-1,"Total",0,"Not applicable",1,"Model-based Estimates",2,"Interpolation",66826754
49,"Total population by sex","Total population by sex","World Population Prospects",2022,"United Nations Population Division",764,"Thailand","TH","THA",59,"2008",4,"Median",3,"Both sexes",188,0,-1,"Total",0,"Not applicable",1,"Model-based Estimates",2,"Interpolation",67328240
49,"Total population by sex","Total population by sex","World Population Prospects",2022,"United Nations Population Division",764,"Thailand","TH","THA",60,"2009",4,"Median",3,"Both sexes",188,0,-1,"Total",0,"Not applicable",1,"Model-based Estimates",2,"Interpolation",67813654
49,"Total population by sex","Total population by sex","World Population Prospects",2022,"United Nations Population Division",764,"Thailand","TH","THA",61,"2010",4,"Median",3,"Both sexes",188,0,-1,"Total",0,"Not applicable",1,"Model-based Estimates",2,"Interpolation",68270490
49,"Total population by sex","Total population by sex","World Population Prospects",2022,"United Nations Population Division",764,"Thailand","TH","THA",62,"2011",4,"Median",3,"Both sexes",188,0,-1,"Total",0,"Not applicable",1,"Model-based Estimates",2,"Interpolation",68712846
49,"Total population by sex","Total population by sex","World Population Prospects",2022,"United Nations Population Division",764,"Thailand","TH","THA",63,"2012",4,"Median",3,"Both sexes",188,0,-1,"Total",0,"Not applicable",1,"Model-based Estimates",2,"Interpolation",69157023
49,"Total population by sex","Total population by sex","World Population Prospects",2022,"United Nations Population Division",764,"Thailand","TH","THA",64,"2013",4,"Median",3,"Both sexes",188,0,-1,"Total",0,"Not applicable",1,"Model-based Estimates",2,"Interpolation",69578603
49,"Total population by sex","Total population by sex","World Population Prospects",2022,"United Nations Population Division",764,"Thailand","TH","THA",65,"2014",4,"Median",3,"Both sexes",188,0,-1,"Total",0,"Not applicable",1,"Model-based Estimates",2,"Interpolation",69960943
49,"Total population by sex","Total population by sex","World Population Prospects",2022,"United Nations Population Division",764,"Thailand","TH","THA",66,"2015",4,"Median",3,"Both sexes",188,0,-1,"Total",0,"Not applicable",1,"Model-based Estimates",2,"Interpolation",70294397
49,"Total population by sex","Total population by sex","World Population Prospects",2022,"United Nations Population Division",764,"Thailand","TH","THA",67,"2016",4,"Median",3,"Both sexes",188,0,-1,"Total",0,"Not applicable",1,"Model-based Estimates",2,"Interpolation",70607037
49,"Total population by sex","Total population by sex","World Population Prospects",2022,"United Nations Population Division",764,"Thailand","TH","THA",68,"2017",4,"Median",3,"Both sexes",188,0,-1,"Total",0,"Not applicable",1,"Model-based Estimates",2,"Interpolation",70898203
49,"Total population by sex","Total population by sex","World Population Prospects",2022,"United Nations Population Division",764,"Thailand","TH","THA",69,"2018",4,"Median",3,"Both sexes",188,0,-1,"Total",0,"Not applicable",1,"Model-based Estimates",2,"Interpolation",71127802
49,"Total population by sex","Total population by sex","World Population Prospects",2022,"United Nations Population Division",764,"Thailand","TH","THA",70,"2019",4,"Median",3,"Both sexes",188,0,-1,"Total",0,"Not applicable",1,"Model-based Estimates",2,"Interpolation",71307763
